['Hospitality', 'Certified', '90049', 'BRENTWOOD SUBWAY INC,', 'Cooks, Fast Food', 'MEXICO']
['Aerospace', 'Certified', '90071', 'AECOM USA, INC.', 'Computer Software Engineers, Applications', 'INDIA']
['Educational Services', 'Certified', '90017', 'LOS ANGELES UNIFIED SCHOOL DISTRICT', 'Secondary School Teachers, Except Special and Vocational Education', 'PHILIPPINES']
['Educational Services', 'Certified', '90017', 'LOS ANGELES UNIFIED SCHOOL DISTRICT', 'Secondary School Teachers, Except Special and Vocational Education', 'PHILIPPINES']
['Educational Services', 'Certified', '90017', 'LOS ANGELES UNIFIED SCHOOL DISTRICT', 'Secondary School Teachers, Except Special and Vocational Education', 'PHILIPPINES']
['Advanced Mfg', 'Certified', '90040', 'AMERICAN RENOLIT CORPORATION,LA', 'Mechanical Engineers', 'BELGIUM']
['Aerospace', 'Certified', '90071', 'AECOM TECHNICAL SERVICES, INC.', 'Environmental Scientists and Specialists, Including Health', 'INDIA']
['Educational Services', 'Certified', '90017', 'LOS ANGELES UNIFIED SCHOOL DISTRICT', 'Special Education Teachers, Middle School', 'CANADA']
['Aerospace', 'Certified', '90071', 'AECOM TECHNICAL SERVICES, INC.', 'Civil Engineers', 'MEXICO']
['Aerospace', 'Certified', '90071', 'AECOM TECHNICAL SERVICES, INC.', 'Electrical Engineers', 'IRELAND']
['Aerospace', 'Certified', '90071', 'AECOM TECHNICAL SERVICES, INC.', 'Architects, Except Landscape and Naval', 'SOUTH KOREA']
['Aerospace', 'Certified', '90071', 'AECOM TECHNICAL SERVICES, INC.', 'Environmental Engineers', 'TURKEY']
['Retail', 'Certified', '90015', 'MOSHE, INC.', 'Computer and Information Systems Managers', 'MALAYSIA']
['Other Economic Sector', 'Certified', '90015', 'HAPPY NATION INC.', 'Market Research Analysts', 'SOUTH KOREA']
['Other Economic Sector', 'Certified', '90067', 'HAIG BARRETT INCORPORATED', 'Materials Engineers', 'NETHERLANDS']
['Aerospace', 'Certified', '90071', 'AECOM TECHNICAL SERVICES, INC.', 'Civil Engineers', 'MALAYSIA']
['Other Economic Sector', 'Certified', '90021', 'EDS & CO INC', 'Office Clerks, General', 'SOUTH KOREA']
['Other Economic Sector', 'Certified', '90014', 'LOS ANGELES UNITED INVESTMENT COMPANY, LLC', 'Computer Systems Analysts', 'TURKEY']
['Advanced Mfg', 'Certified', '90021', "O' LA LA CORPORATION", 'Fashion Designers', 'SOUTH KOREA']
['Advanced Mfg', 'Certified', '90061', 'ALPHA SOURCE, INC.', 'Office Clerks, General', 'SOUTH KOREA']
['Aerospace', 'Certified', '90024', 'SILVUS TECHNOLOGIES, INC.', 'Electronics Engineers, Except Computer', 'INDIA']
['IT', 'Certified', '90017', 'HYPERMEDIA SYSTEMS, INC.', 'Computer Systems Analysts', 'JAPAN']
['Retail', 'Certified', '90021', 'ALL IN ONE TRADING INC.', 'Computer Software Engineers, Systems Software', 'INDIA']
['Finance', 'Certified', '90064', 'FIRST PACIFIC ADVISORS, LLC', 'Financial Analysts', 'FRANCE']
['Hospitality', 'Certified', '90025', 'TAKEE INTERNATIONAL INC.', 'Cooks, Restaurant', 'JAPAN']
['Other Economic Sector', 'Certified', '90010', 'CPL ADVERTISING INTERNATIONAL INC.', 'Fine Artists, Including Painters, Sculptors, and Illustrators', 'SOUTH KOREA']
['Finance', 'Certified', '90010', 'FARMERS GROUP, INC.', 'Computer and Information Systems Managers', 'INDIA']
['Other Economic Sector', 'Certified', '90015', 'NEBLON INC.DBA POLY FASHION', 'Purchasing Managers', 'SOUTH KOREA']
['', 'Certified', '90058', 'UNO COLTHING, INC.', 'Fabric and Apparel Patternmakers', 'BRAZIL']
['', 'Certified', '90061', 'PACIFIC SINTERED METALS, A DIV OF PSM INDUSTRIES', 'Materials Engineers', 'THAILAND']
['', 'Certified', '90024', 'RENTECH, INC.', 'Chemists', 'VENEZUELA']
['Educational Services', 'Certified', '90010', 'INTERNATIONAL AMERICAN UNIVERSITY, INC.', 'Geography Teachers, Postsecondary', 'SOUTH KOREA']
['Advanced Mfg', 'Certified', '90061', 'BLUE JADE ENTERPRISES,INC.', 'Procurement Clerks', 'SOUTH KOREA']
['Hospitality', 'Certified', '90020', 'FOUR SEASONS TOURS & TRAVEL, INC.', 'Reservation and Transportation Ticket Agents and Travel Clerks', 'SOUTH KOREA']
['IT', 'Certified', '90066', "O'NEIL DATA SYSTEMS LLC", 'Computer Systems Analysts', 'INDIA']
['IT', 'Certified', '90068', 'BOOKLYN BURNS', 'Marketing Managers', 'BRAZIL']
['Hospitality', 'Certified', '90023', 'SUSHI MON JAPANESE RESTAURANT, INC.', 'Computer Operators', 'SOUTH KOREA']
['Hospitality', 'Certified', '90069', 'FOOD PLAY CORP., DBA BASIX CAFE', 'First-Line Supervisors of Food Preparation and Serving Workers', 'MEXICO']
['Other Economic Sector', 'Certified', '90094', 'BELKIN INTERNATIONAL, INC.', 'Software Developers, Systems Software', 'CHINA']
['Hospitality', 'Certified', '90012', 'STARLIGHT MAGNEX CORPORATION, DBA KUSHI SHABU', 'Cooks, Restaurant', 'JAPAN']
['IT', 'Certified', '90045', 'AURYN, INC', 'Software Developers, Applications', 'CANADA']
['', 'Certified', '90066', 'TMMK AMERICA, INC.', 'Chefs and Head Cooks', 'JAPAN']
['Retail', 'Certified', '90039', 'C.M.S. DISTRIBUTOR, INC.', 'Graphic Designers', 'PHILIPPINES']
['Other Economic Sector', 'Certified', '90029', 'CBN OF CA, INC.', 'Counter and Rental Clerks', 'MEXICO']
['Other Economic Sector', 'Certified', '90021', 'STYLE IN USA, INC.', 'Bookkeeping, Accounting, and Auditing Clerks', 'SOUTH KOREA']
['Hospitality', 'Certified', '90015', 'SUNG BAK SA CORPORATION', 'Cooks, Restaurant', 'SOUTH KOREA']
['Hospitality', 'Certified', '90012', 'RESTAURANT KOSHIJI', 'Chefs and Head Cooks', 'JAPAN']
['IT', 'Certified', '90025', 'SOA SOFTWARE, INC.', 'Software Developers, Applications', 'INDIA']
['Advanced Mfg', 'Certified', '90014', 'ABRAHAM SENGUL DBA HOUSE OF BAGUETTES', 'Jewelers and Precious Stone and Metal Workers', 'SYRIA']
['Other Economic Sector', 'Certified', '90057', 'EAST GATE KOREAN PRESBYTERIAN CHURCH', 'Directors, Religious Activities and Education', 'SOUTH KOREA']
['Educational Services', 'Certified', '90017', 'LOS ANGELES UNIFIED SCHOOL DISTRICT', 'Secondary School Teachers, Except Special and Career/Technical Education', 'PHILIPPINES']
['Other Economic Sector', 'Certified', '90005', 'JOONGANG DAILY NEWS CA, INC. DBA THE KOREA DAILY', 'Instructional Coordinators', 'SOUTH KOREA']
['', 'Certified', '90015', 'CIRCLE TRIM,INC.', 'Bookkeeping, Accounting, and Auditing Clerks', 'SOUTH KOREA']
['Other Economic Sector', 'Certified', '90004', 'KSYLA INC.', 'Hairdressers, Hairstylists, and Cosmetologists', 'SOUTH KOREA']
['Retail', 'Certified', '90007', 'HAN NA, INC.', 'Bookkeeping, Accounting, and Auditing Clerks', 'SOUTH KOREA']
['Advanced Mfg', 'Certified', '90001', 'RAINBOW SUBLYMATION, INC.', 'Graphic Designers', 'SOUTH KOREA']
['Aerospace', 'Certified', '90071', 'AECOM TECHNICAL SERVICES, INC.', 'Environmental Engineers', 'INDIA']
['Other Economic Sector', 'Certified', '90067', 'INTERNATIONAL LEASE FINANCE CORPORATION', 'General and Operations Managers', 'SOUTH AFRICA']
['Other Economic Sector', 'Certified', '90057', 'LA OPEN DOOR PRESBYTERIAN CHURCH', 'Directors, Religious Activities and Education', 'SOUTH KOREA']
['Advanced Mfg', 'Certified', '90021', 'HAN CLOTHING, INC.', 'Procurement Clerks', 'SOUTH KOREA']
['Other Economic Sector', 'Certified', '90021', 'EDS & CO INC', 'Executive Secretaries and Executive Administrative Assistants', 'SOUTH KOREA']
['Hospitality', 'Certified', '90012', 'KORAKU RESTAURANT', 'Cooks, Restaurant', 'JAPAN']
['Advanced Mfg', 'Certified', '90016', 'DREAMSCAPE LIGHTING MANUFACTURING INC.', 'Electric Motor, Power Tool, and Related Repairers', 'MEXICO']
['Other Economic Sector', 'Certified', '90066', 'DIGITAL ARTISTS AGENCY, INC.', 'Agents and Business Managers of Artists, Performers, and Athletes', 'AUSTRIA']
['Other Economic Sector', 'Certified', '90010', 'L.A. TRANSLATION AND INTERPRETATION', 'Interpreters and Translators', 'SOUTH KOREA']
['Automotive', 'Certified', '90045', 'SAKURA RENT A CAR, INC.', 'Market Research Analysts and Marketing Specialists*', 'JAPAN']
['Finance', 'Certified', '90006', 'JONATHAN PARK & ASSOCIATES, LLP', 'Accountants and Auditors', 'SOUTH KOREA']
['Hospitality', 'Certified', '90017', 'JJWAVE CORP.', 'Chefs and Head Cooks', 'SOUTH KOREA']
['Health Care', 'Certified', '90019', 'WAND TOUCH CORPORATION', 'Health Diagnosing and Treating Practitioners, All Other', 'CANADA']
['Other Economic Sector', 'Certified', '90094', 'BELKIN INTERNATIONAL, INC.', 'Market Research Analysts and Marketing Specialists*', 'PHILIPPINES']
['Educational Services', 'Certified', '90017', 'SOUTHERN CALIFORNIA UNIVERSITY, S.O.M.A.', 'Health Specialties Teachers, Postsecondary', 'SOUTH KOREA']
['Aerospace', 'Certified', '90071', 'AECOM TECHNICAL SERVICES, INC.', 'Civil Engineers', 'IRAN']
['', 'Certified', '90045', 'VADA INVESTMENT CORPORATION', 'Food Service Managers', 'SOUTH KOREA']
['Other Economic Sector', 'Certified', '90061', 'BUY4STORE.COM, INC.', 'Marketing Managers', 'TURKEY']
['Aerospace', 'Certified', '90071', 'AECOM TECHNICAL SERVICES, INC.', 'Marketing Managers', 'CANADA']
['Advanced Mfg', 'Certified', '90066', 'POWERFULL LIGHTING AND SHADING SYSTEMS', 'Operations Research Analysts', 'ISRAEL']
['Retail', 'Certified', '90020', 'ZION CITY INC', 'Marketing Managers', 'SOUTH KOREA']
['Other Economic Sector', 'Certified', '90004', 'AMBASSADOR DOG AND CAT HOSPITAL', 'Veterinarians', 'INDIA']
['Construction', 'Certified', '90025', 'PRECISION BUILDERS, INC.', 'Architects, Except Landscape and Naval', 'MEXICO']
['Other Economic Sector', 'Certified', '90004', 'Y.K.HAIR CLUB INC.DBA HILLS BEAUTY CLUB', 'Hairdressers, Hairstylists, and Cosmetologists', 'SOUTH KOREA']
['Automotive', 'Certified', '90041', 'CALIFORNIA Z CARS, INC.', 'Automotive Service Technicians and Mechanics', 'PHILIPPINES']
['Other Economic Sector', 'Certified', '90071', 'NORTH AMERICAN REPRESENTATIVE OFFICE OF SHENZHEN, P.R. CHINA', 'Market Research Analysts and Marketing Specialists*', 'CHINA']
['Other Economic Sector', 'Certified', '90006', 'MAGTRANS, INC', 'Financial Managers', 'ARGENTINA']
['Other Economic Sector', 'Certified', '90001', 'SUN-LITE METALS, INC.', 'First-Line Supervisors of Helpers, Laborers, and Material Movers, Hand', 'MEXICO']
['Other Economic Sector', 'Certified', '90025', 'CBRE, INC', 'Financial Managers', 'INDIA']
['Retail', 'Certified', '90010', 'KONOVA INTERNATIONAL, INC.', 'Market Research Analysts and Marketing Specialists*', 'SOUTH KOREA']
['IT', 'Certified', '90066', 'ILSLEY MUSIC', 'Music Directors and Composers', 'GERMANY']
['Educational Services', 'Certified', '90017', 'LOS ANGELES UNIFIED SCHOOL DISTRICT', 'Secondary School Teachers, Except Special and Career/Technical Education', 'PHILIPPINES']
['Educational Services', 'Certified', '90017', 'LOS ANGELES UNIFIED SCHOOL DISTRICT', 'Secondary School Teachers, Except Special and Career/Technical Education', 'PHILIPPINES']
['Educational Services', 'Certified', '90017', 'LOS ANGELES UNIFIED SCHOOL DISTRICT', 'Secondary School Teachers, Except Special and Career/Technical Education', 'PHILIPPINES']
['Educational Services', 'Certified', '90017', 'LOS ANGELES UNIFIED SCHOOL DISTRICT', 'Secondary School Teachers, Except Special and Career/Technical Education', 'PHILIPPINES']
['Educational Services', 'Certified', '90017', 'LOS ANGELES UNIFIED SCHOOL DISTRICT', 'Secondary School Teachers, Except Special and Career/Technical Education', 'PHILIPPINES']
['Educational Services', 'Certified', '90017', 'LOS ANGELES UNIFIED SCHOOL DISTRICT', 'Secondary School Teachers, Except Special and Career/Technical Education', 'PHILIPPINES']
['Educational Services', 'Certified', '90017', 'LOS ANGELES UNIFIED SCHOOL DISTRICT', 'Secondary School Teachers, Except Special and Career/Technical Education', 'INDIA']
['Educational Services', 'Certified', '90017', 'LOS ANGELES UNIFIED SCHOOL DISTRICT', 'Secondary School Teachers, Except Special and Career/Technical Education', 'PHILIPPINES']
['Educational Services', 'Certified', '90017', 'LOS ANGELES UNIFIED SCHOOL DISTRICT', 'Secondary School Teachers, Except Special and Career/Technical Education', 'PHILIPPINES']
['Educational Services', 'Certified', '90005', 'AMERICAN VOCATIONAL COLLEGE, INC.', 'Accountants and Auditors', 'SOUTH KOREA']
['Educational Services', 'Certified', '90017', 'LOS ANGELES UNIFIED SCHOOL DISTRICT', 'Secondary School Teachers, Except Special and Career/Technical Education', 'PHILIPPINES']
['Advanced Mfg', 'Certified', '90015', 'HERBALIFE INTERNATIONAL', 'Software Developers, Applications', 'INDIA']
['Other Economic Sector', 'Certified', '90010', 'KOREANAUSA,INC', 'Reporters and Correspondents', 'SOUTH KOREA']
['Other Economic Sector', 'Certified', '90021', 'KEYSTONE TEXTILE, INC.', 'Budget Analysts', 'SOUTH KOREA']
['Aerospace', 'Certified', '90071', 'AECOM TECHNICAL SERVICES, INC.', 'Mechanical Engineers', 'SOUTH AFRICA']
['IT', 'Certified', '90045', 'SECURONIX, LLC', 'Software Developers, Applications', 'INDIA']
['Health Care', 'Certified', '90031', 'ABACUS BUSINESS CORPORATION GROUP INC.', 'Medical and Clinical Laboratory Technologists', 'PHILIPPINES']
['Other Economic Sector', 'Certified', '90005', 'KBS AMERICA, INC.', 'Computer Systems Analysts', 'SOUTH KOREA']
['Other Economic Sector', 'Certified', '90045', 'PRIMEX INTERNATIONAL TRADING CORP.', 'Human Resources Managers', 'CANADA']
['Educational Services', 'Certified', '90017', 'LOS ANGELES UNIFIED SCHOOL DISTRICT', 'Secondary School Teachers, Except Special and Career/Technical Education', 'PHILIPPINES']
['Educational Services', 'Certified', '90017', 'LOS ANGELES UNIFIED SCHOOL DISTRICT', 'Secondary School Teachers, Except Special and Career/Technical Education', 'PHILIPPINES']
['Educational Services', 'Certified', '90017', 'LOS ANGELES UNIFIED SCHOOL DISTRICT', 'Secondary School Teachers, Except Special and Career/Technical Education', 'PHILIPPINES']
['Educational Services', 'Certified', '90017', 'LOS ANGELES UNIFIED SCHOOL DISTRICT', 'Secondary School Teachers, Except Special and Career/Technical Education', 'PHILIPPINES']
['Educational Services', 'Certified', '90017', 'LOS ANGELES UNIFIED SCHOOL DISTRICT', 'Secondary School Teachers, Except Special and Career/Technical Education', 'PHILIPPINES']
['Educational Services', 'Certified', '90017', 'LOS ANGELES UNIFIED SCHOOL DISTRICT', 'Secondary School Teachers, Except Special and Career/Technical Education', 'PHILIPPINES']
['Educational Services', 'Certified', '90017', 'LOS ANGELES UNIFIED SCHOOL DISTRICT', 'Secondary School Teachers, Except Special and Career/Technical Education', 'PHILIPPINES']
['Educational Services', 'Certified', '90017', 'LOS ANGELES UNIFIED SCHOOL DISTRICT', 'Secondary School Teachers, Except Special and Career/Technical Education', 'PHILIPPINES']
['Educational Services', 'Certified', '90017', 'LOS ANGELES UNIFIED SCHOOL DISTRICT', 'Secondary School Teachers, Except Special and Career/Technical Education', 'PHILIPPINES']
['Educational Services', 'Certified', '90017', 'LOS ANGELES UNIFIED SCHOOL DISTRICT', 'Secondary School Teachers, Except Special and Career/Technical Education', 'PHILIPPINES']
['Educational Services', 'Certified', '90017', 'LOS ANGELES UNIFIED SCHOOL DISTRICT', 'Secondary School Teachers, Except Special and Career/Technical Education', 'PHILIPPINES']
['Aerospace', 'Certified', '90071', 'AECOM TECHNOLOGY CORPORATION', 'Software Developers, Applications', 'INDIA']
['Other Economic Sector', 'Certified', '90021', 'HANKOOK TRADING, INC.', 'Fashion Designers', 'SOUTH KOREA']
['Aerospace', 'Certified', '90071', 'AECOM TECHNICAL SERVICES, INC.', 'Civil Engineers', 'MALDIVES']
['Educational Services', 'Certified', '90017', 'LOS ANGELES UNIFIED SCHOOL DISTRICT', 'Secondary School Teachers, Except Special and Career/Technical Education', 'PHILIPPINES']
['Other Economic Sector', 'Certified', '90045', 'MOBILE MESSENGER GLOBAL, INC', 'Software Developers, Applications', 'INDIA']
['Other Economic Sector', 'Certified', '90071', 'PAUL HASTINGS LLP', 'Lawyers', 'SOUTH KOREA']
['Retail', 'Certified', '90040', 'FIRST IMPERIAL TRADING CO.', 'Computer and Information Systems Managers', 'INDIA']
['Educational Services', 'Certified', '90017', 'LOS ANGELES UNIFIED SCHOOL DISTRICT', 'Secondary School Teachers, Except Special and Career/Technical Education', 'PHILIPPINES']
['Educational Services', 'Certified', '90017', 'LOS ANGELES UNIFIED SCHOOL DISTRICT', 'Secondary School Teachers, Except Special and Career/Technical Education', 'PHILIPPINES']
['Educational Services', 'Certified', '90017', 'LOS ANGELES UNIFIED SCHOOL DISTRICT', 'Secondary School Teachers, Except Special and Career/Technical Education', 'PHILIPPINES']
['Educational Services', 'Certified', '90017', 'LOS ANGELES UNIFIED SCHOOL DISTRICT', 'Secondary School Teachers, Except Special and Career/Technical Education', 'PHILIPPINES']
['Educational Services', 'Certified', '90017', 'LOS ANGELES UNIFIED SCHOOL DISTRICT', 'Secondary School Teachers, Except Special and Career/Technical Education', 'PHILIPPINES']
['Educational Services', 'Certified', '90017', 'LOS ANGELES UNIFIED SCHOOL DISTRICT', 'Secondary School Teachers, Except Special and Career/Technical Education', 'PHILIPPINES']
['Educational Services', 'Certified', '90017', 'LOS ANGELES UNIFIED SCHOOL DISTRICT', 'Secondary School Teachers, Except Special and Career/Technical Education', 'PHILIPPINES']
['Educational Services', 'Certified', '90017', 'LOS ANGELES UNIFIED SCHOOL DISTRICT', 'Secondary School Teachers, Except Special and Career/Technical Education', 'PHILIPPINES']
['Educational Services', 'Certified', '90017', 'LOS ANGELES UNIFIED SCHOOL DISTRICT', 'Special Education Teachers, Preschool, Kindergarten, and Elementary School*', 'PHILIPPINES']
['Educational Services', 'Certified', '90017', 'LOS ANGELES UNIFIED SCHOOL DISTRICT', 'Secondary School Teachers, Except Special and Career/Technical Education', 'PHILIPPINES']
['Educational Services', 'Certified', '90065', 'RIBET ACADEMY', 'Middle School Teachers, Except Special and Career/Technical Education', 'UNITED KINGDOM']
['Finance', 'Certified', '90071', 'KALMAN MANAGEMENT', 'Public Relations Specialists', 'POLAND']
['IT', 'Certified', '90058', 'LINKEDGE TECHNOLOGIES INC.', 'Computer and Information Systems Managers', 'INDIA']
['Aerospace', 'Certified', '90071', 'AECOM TECHNICAL SERVICES, INC.', 'Civil Engineers', 'INDIA']
['Health Care', 'Certified', '90020', 'LIM ACUPUNCTURE AND HERBS CLINIC, INC', 'Health Diagnosing and Treating Practitioners, All Other', 'SOUTH KOREA']
['IT', 'Certified', '90045', 'KELAR CORPORATION', 'Management Analysts', 'CANADA']
['IT', 'Certified', '90064', 'UTOPIACOMPRESSION CORPORATION', 'Biomedical Engineers', 'INDIA']
['Advanced Mfg', 'Certified', '90001', 'R. MITCHEL, INC.', 'Market Research Analysts and Marketing Specialists*', 'CHINA']
['Advanced Mfg', 'Certified', '90047', 'ADVANCE PAPER BOX COMPANY', 'Accountants and Auditors', 'CHINA']
['Other Economic Sector', 'Certified', '90021', 'GRACE FASHION AMERICA, INC.', 'Executive Secretaries and Executive Administrative Assistants', 'SOUTH KOREA']
['Automotive', 'Certified', '90021', 'GRAND PRIX AUTO BODY, INC.', 'Compliance Officers', 'SOUTH KOREA']
['Finance', 'Certified', '90015', 'J&J FINANCIAL INSURANCE SERVICE, INC.', 'Bookkeeping, Accounting, and Auditing Clerks', 'SOUTH KOREA']
['Other Economic Sector', 'Certified', '90045', 'PRIMEX INTERNATIONAL TRADING CORP.', 'Logisticians', 'JAPAN']
['Advanced Mfg', 'Certified', '90007', 'H. STARLET, LLC', 'Fashion Designers', 'TAIWAN']
['Finance', 'Certified', '90010', 'FARMERS GROUP, INC.', 'Computer Systems Analysts', 'INDIA']
['Educational Services', 'Certified', '90017', 'LOS ANGELES UNIFIED SCHOOL DISTRICT', 'Secondary School Teachers, Except Special and Career/Technical Education', 'PHILIPPINES']
['Educational Services', 'Certified', '90017', 'LOS ANGELES UNIFIED SCHOOL DISTRICT', 'Secondary School Teachers, Except Special and Career/Technical Education', 'PHILIPPINES']
['Educational Services', 'Certified', '90017', 'LOS ANGELES UNIFIED SCHOOL DISTRICT', 'Secondary School Teachers, Except Special and Career/Technical Education', 'PHILIPPINES']
['Educational Services', 'Certified', '90017', 'LOS ANGELES UNIFIED SCHOOL DISTRICT', 'Secondary School Teachers, Except Special and Career/Technical Education', 'PHILIPPINES']
['Educational Services', 'Certified', '90017', 'LOS ANGELES UNIFIED SCHOOL DISTRICT', 'Secondary School Teachers, Except Special and Career/Technical Education', 'UNITED KINGDOM']
['Educational Services', 'Certified', '90017', 'LOS ANGELES UNIFIED SCHOOL DISTRICT', 'Secondary School Teachers, Except Special and Career/Technical Education', 'PHILIPPINES']
['Educational Services', 'Certified', '90017', 'LOS ANGELES UNIFIED SCHOOL DISTRICT', 'Secondary School Teachers, Except Special and Career/Technical Education', 'PHILIPPINES']
['Educational Services', 'Certified', '90017', 'LOS ANGELES UNIFIED SCHOOL DISTRICT', 'Secondary School Teachers, Except Special and Career/Technical Education', 'PHILIPPINES']
['', 'Certified', '90025', 'CML MEDIA CORP.', 'Computer Systems Analysts', 'INDIA']
['', 'Certified', '90025', 'CML MEDIA CORP.', 'Database Administrators', 'INDIA']
['Educational Services', 'Certified', '90017', 'LOS ANGELES UNIFIED SCHOOL DISTRICT', 'Secondary School Teachers, Except Special and Career/Technical Education', 'PHILIPPINES']
['Educational Services', 'Certified', '90017', 'LOS ANGELES UNIFIED SCHOOL DISTRICT', 'Secondary School Teachers, Except Special and Career/Technical Education', 'PHILIPPINES']
['Educational Services', 'Certified', '90017', 'LOS ANGELES UNIFIED SCHOOL DISTRICT', 'Secondary School Teachers, Except Special and Career/Technical Education', 'PHILIPPINES']
['Educational Services', 'Certified', '90017', 'LOS ANGELES UNIFIED SCHOOL DISTRICT', 'Secondary School Teachers, Except Special and Career/Technical Education', 'PHILIPPINES']
['Educational Services', 'Certified', '90017', 'LOS ANGELES UNIFIED SCHOOL DISTRICT', 'Secondary School Teachers, Except Special and Career/Technical Education', 'PHILIPPINES']
['Educational Services', 'Certified', '90017', 'LOS ANGELES UNIFIED SCHOOL DISTRICT', 'Secondary School Teachers, Except Special and Career/Technical Education', 'PHILIPPINES']
['Educational Services', 'Certified', '90017', 'LOS ANGELES UNIFIED SCHOOL DISTRICT', 'Secondary School Teachers, Except Special and Career/Technical Education', 'PHILIPPINES']
['Educational Services', 'Certified', '90017', 'LOS ANGELES UNIFIED SCHOOL DISTRICT', 'Secondary School Teachers, Except Special and Career/Technical Education', 'PHILIPPINES']
['Educational Services', 'Certified', '90017', 'LOS ANGELES UNIFIED SCHOOL DISTRICT', 'Secondary School Teachers, Except Special and Career/Technical Education', 'UNITED KINGDOM']
['Educational Services', 'Certified', '90017', 'LOS ANGELES UNIFIED SCHOOL DISTRICT', 'Secondary School Teachers, Except Special and Career/Technical Education', 'PHILIPPINES']
['Educational Services', 'Certified', '90017', 'LOS ANGELES UNIFIED SCHOOL DISTRICT', 'Secondary School Teachers, Except Special and Career/Technical Education', 'PHILIPPINES']
['Educational Services', 'Certified', '90017', 'LOS ANGELES UNIFIED SCHOOL DISTRICT', 'Secondary School Teachers, Except Special and Career/Technical Education', 'INDIA']
['', 'Certified', '90021', 'HAN CLOTHING, INC.', 'Fabric and Apparel Patternmakers', 'SOUTH KOREA']
['', 'Certified', '90036', 'AEG LIVE', 'Agents and Business Managers of Artists, Performers, and Athletes', 'BRAZIL']
['Other Economic Sector', 'Certified', '90015', 'SYNDERO, INC', 'Database Administrators', 'INDIA']
['Other Economic Sector', 'Certified', '90058', 'TRUE WORLD FOODS LOS ANGELES LLC', 'Public Relations and Fundraising Managers', 'JAPAN']
['Retail', 'Certified', '90006', 'DH &LO, INC DBA THE OLYMPIC GOLF', 'Athletic Trainers', 'SOUTH KOREA']
['Other Economic Sector', 'Certified', '90010', 'AXIOM CREDIT SOLUTIONS, LLC', 'Accountants and Auditors', 'SOUTH KOREA']
['Other Economic Sector', 'Certified', '90010', 'SANG AM & ASSOCIATES, INC.', 'Art Directors', 'SOUTH KOREA']
['Health Care', 'Certified', '90005', 'WELL BEING Q ACUPUNCTURIST INC.', 'Health Diagnosing and Treating Practitioners, All Other', 'CANADA']
['Other Economic Sector', 'Certified', '90021', 'HOLY-G, INC.', 'Sales Managers', 'SOUTH KOREA']
['Hospitality', 'Certified', '90020', 'O JANG DONG, INC.', 'Food Preparation Workers', 'SOUTH KOREA']
['Educational Services', 'Certified', '90017', 'LOS ANGELES UNIFIED SCHOOL DISTRICT', 'Secondary School Teachers, Except Special and Career/Technical Education', 'INDIA']
['Other Economic Sector', 'Certified', '90011', 'OFFLINE, INC.', 'Software Developers, Applications', 'SOUTH KOREA']
['Educational Services', 'Certified', '90017', 'LOS ANGELES UNIFIED SCHOOL DISTRICT', 'Secondary School Teachers, Except Special and Career/Technical Education', 'INDIA']
['Educational Services', 'Certified', '90017', 'LOS ANGELES UNIFIED SCHOOL DISTRICT', 'Secondary School Teachers, Except Special and Career/Technical Education', 'PHILIPPINES']
['Educational Services', 'Certified', '90017', 'LOS ANGELES UNIFIED SCHOOL DISTRICT', 'Secondary School Teachers, Except Special and Career/Technical Education', 'PHILIPPINES']
['Educational Services', 'Certified', '90017', 'LOS ANGELES UNIFIED SCHOOL DISTRICT', 'Secondary School Teachers, Except Special and Career/Technical Education', 'PHILIPPINES']
['Educational Services', 'Certified', '90017', 'LOS ANGELES UNIFIED SCHOOL DISTRICT', 'Secondary School Teachers, Except Special and Career/Technical Education', 'PHILIPPINES']
['IT', 'Certified', '90025', 'JUST GAMES INTERACTIVE ENTERTAINMENT, LLC', 'Multimedia Artists and Animators', 'JAPAN']
['IT', 'Certified', '90025', 'JUST GAMES INTERACTIVE ENTERTAINMENT, LLC', 'Market Research Analysts and Marketing Specialists*', 'JAPAN']
['IT', 'Certified', '90036', 'CHROME RIVER TECHNOLOGIES, INC.', 'Computer Systems Analysts', 'INDIA']
['Health Care', 'Certified', '90006', 'KORYO HEALTH FOUNDATION', 'Medical and Health Services Managers', 'SOUTH KOREA']
['Other Economic Sector', 'Certified', '90015', 'MICHELLE, INC.', 'Market Research Analysts and Marketing Specialists*', 'SOUTH KOREA']
['Other Economic Sector', 'Certified', '90021', 'HOLY-G, INC.', 'Market Research Analysts and Marketing Specialists*', 'SOUTH KOREA']
['Other Economic Sector', 'Certified', '90058', 'AMEN TRADING, INC.', 'Market Research Analysts and Marketing Specialists*', 'SOUTH KOREA']
['Finance', 'Certified', '90010', 'TAXMOWER ACCOUNTANCY CORP.', 'Accountants and Auditors', 'SOUTH KOREA']
['IT', 'Certified', '90067', 'TWENTIETH CENTURY FOX FILM CORP.', 'Software Developers, Applications', 'INDIA']
['Retail', 'Certified', '90031', 'FOREVER 21, INC. (MERGED WITH FASHION 21, INC.)', 'Purchasing Managers', 'SOUTH KOREA']
['Other Economic Sector', 'Certified', '90025', 'CBRE, INC', 'Computer Systems Analysts', 'INDIA']
['Retail', 'Certified', '90010', 'E-RADIO KOREA USA.COM, INC.', 'Computer Systems Analysts', 'SOUTH KOREA']
['Finance', 'Certified', '90017', 'VASQUEZ & COMPANY LLP', 'Accountants and Auditors', 'PHILIPPINES']
['Finance', 'Certified', '90017', 'VASQUEZ & COMPANY LLP', 'Accountants and Auditors', 'PHILIPPINES']
['Other Economic Sector', 'Certified', '90010', 'MLA GREEN, INC', 'Architectural and Civil Drafters', 'INDIA']
['Other Economic Sector', 'Certified', '90013', 'ITALIAN FABRICS, INC.', 'Budget Analysts', 'PHILIPPINES']
['IT', 'Certified', '90064', 'THE SEARCH AGENCY, INC.', 'Software Developers, Applications', 'UNITED STATES OF AMERICA']
['Advanced Mfg', 'Certified', '90015', 'HERBALIFE INTERNATIONAL', 'Software Developers, Applications', 'INDIA']
['', 'Certified', '90069', 'CITYGRID MEDIA', 'Software Developers, Applications', 'INDIA']
['', 'Certified', '90069', 'CITYGRID MEDIA', 'Software Developers, Applications', 'INDIA']
['Other Economic Sector', 'Certified', '90039', 'LA NAMSEOUL GRACE CHURCH', 'Clergy', 'SOUTH KOREA']
['Educational Services', 'Certified', '90010', 'CAS ACADEMY, INC.', 'Public Relations Specialists', 'SOUTH KOREA']
['Other Economic Sector', 'Certified', '90057', 'SYNTHESIS DESIGN ARCHITECTURE, INC', 'Architects, Except Landscape and Naval', 'TAIWAN']
['IT', 'Certified', '90079', 'PHLOX DESIGN INC', 'Software Developers, Applications', 'INDIA']
['Other Economic Sector', 'Certified', '90057', 'SYNTHESIS DESIGN ARCHITECTURE, INC', 'Architects, Except Landscape and Naval', 'PORTUGAL']
['Other Economic Sector', 'Certified', '90045', 'LOWERMYBILLS,INC', 'Software Developers, Applications', 'INDIA']
['IT', 'Certified', '90064', 'MASHON, INC.', 'Chief Executives', 'FRANCE']
['Transportation', 'Certified', '90010', 'ASIANA AIRLINES', 'Accountants and Auditors', 'SOUTH KOREA']
['Educational Services', 'Certified', '90017', 'LOS ANGELES UNIFIED SCHOOL DISTRICT', 'Secondary School Teachers, Except Special and Career/Technical Education', 'PHILIPPINES']
['', 'Certified', '90069', 'CITYGRID MEDIA', 'Software Developers, Applications', 'CHINA']
['Educational Services', 'Certified', '90017', 'LOS ANGELES UNIFIED SCHOOL DISTRICT', 'Secondary School Teachers, Except Special and Career/Technical Education', 'PHILIPPINES']
['Other Economic Sector', 'Certified', '90064', 'VICAR OPERATING, INC.', 'Veterinarians', 'UNITED KINGDOM']
['Other Economic Sector', 'Certified', '90010', 'AMICUS LAW GROUP, LLP.', 'Paralegals and Legal Assistants*', 'SOUTH KOREA']
['Other Economic Sector', 'Certified', '90071', 'MEDIA CREATION TECHNOLOGIES, INC.', 'Computer Systems Analysts', 'JAPAN']
['Finance', 'Certified', '90067', 'LUMINOUS CAPITAL HOLDINGS, LLC', 'Treasurers, Controllers, and Chief Financial Officers', 'ISRAEL']
['Other Economic Sector', 'Certified', '90013', 'JOHN FRIEDMAN/ALICE KIMM ARCHITECTS INC.', 'Architectural and Civil Drafters', 'CHINA']
['Other Economic Sector', 'Certified', '90023', 'NICOLE, INC.', 'Graphic Designers', 'SOUTH KOREA']
['', 'Certified', '90025', 'CML MEDIA CORP.', 'Database Administrators', 'INDIA']
['Other Economic Sector', 'Certified', '90040', 'JFC INTERNATIONAL, INC.', 'Market Research Analysts and Marketing Specialists*', 'JAPAN']
['Health Care', 'Certified', '90019', 'YOUNG BAE KIM, D.D.S., INC', 'Dentists, General', 'SOUTH KOREA']
['IT', 'Certified', '90036', 'ANJANA SOFTWARE SOLUTIONS INC.,', 'Computer Systems Analysts', 'INDIA']
['', 'Denied', '90066', 'LOGAN MEDIA INC.', 'Cost Estimators', 'JAPAN']
['Other Economic Sector', 'Certified', '90019', 'NEW LIFE VISION CHURCH', 'Directors, Religious Activities and Education', 'SOUTH KOREA']
['IT', 'Certified', '90036', 'ANJANA SOFTWARE SOLUTIONS INC.,', 'Computer Systems Analysts', 'INDIA']
['Construction', 'Certified', '90040', 'SFADIA, INC.', 'Financial Managers', 'SOUTH KOREA']
['Other Economic Sector', 'Certified', '90057', 'SINJI ENTERTAINMENT GROUP, INC.', 'Market Research Analysts and Marketing Specialists*', 'SOUTH KOREA']
['IT', 'Certified', '90036', 'ANJANA SOFTWARE SOLUTIONS INC.,', 'Computer Systems Analysts', 'INDIA']
['IT', 'Certified', '90036', 'ANJANA SOFTWARE SOLUTIONS INC.,', 'Computer Systems Analysts', 'INDIA']
['Other Economic Sector', 'Certified', '90012', 'AND APPAREL INC. DBA GOODWORKS MAKE A DIFFERENCE', 'Transportation, Storage, and Distribution Managers', 'PHILIPPINES']
['Health Care', 'Certified', '90004', 'PETER C. LEE M.D., A MEDICAL CORPORATION', 'Health Diagnosing and Treating Practitioners, All Other', 'SOUTH KOREA']
['Other Economic Sector', 'Certified', '90010', 'EBENEZER MEDICAL CLINIC, INC.', 'Medical and Health Services Managers', 'CHINA']
['Other Economic Sector', 'Certified', '90025', 'CYBERSHOPS, INC', 'Market Research Analysts and Marketing Specialists*', 'IRAN']
['Other Economic Sector', 'Certified', '90037', 'INTERNATIONAL BEAUTY NETWORK, INC.', 'Budget Analysts', 'PHILIPPINES']
['Other Economic Sector', 'Certified', '90010', 'KWANG LIM AMERICA, INC.', 'Logisticians', 'SOUTH KOREA']
['Other Economic Sector', 'Certified', '90013', 'HANNAH WHOLESALE BEAUTY DISTRIBUTION, INC.', 'Accountants and Auditors', 'SOUTH KOREA']
['', 'Certified', '90071', 'U.S. TELEPACIFIC CORP.', 'Electronics Engineers, Except Computer', 'INDIA']
['', 'Certified', '90006', 'BYUNG DUK CHO DBA PALACE BEAUTY COLLEGE', 'Multimedia Artists and Animators', 'SOUTH KOREA']
['IT', 'Certified', '90036', 'ANJANA SOFTWARE SOLUTIONS INC.,', 'Computer Systems Analysts', 'INDIA']
['Finance', 'Certified', '90010', 'BBCN BANK', 'Credit Analysts', 'SOUTH KOREA']
['IT', 'Certified', '90045', 'RPOST US INC.', 'Software Developers, Applications', 'INDIA']
['Finance', 'Certified', '90024', 'GREEN HASSON & JANKS', 'Accountants and Auditors', 'INDONESIA']
['IT', 'Certified', '90036', 'ANJANA SOFTWARE SOLUTIONS INC.,', 'Computer Systems Analysts', 'INDIA']
['Advanced Mfg', 'Certified', '90040', 'FAM,LLC', 'Materials Engineers', 'INDIA']
['Retail', 'Certified', '90015', 'INAFICTION USA INC.', 'Market Research Analysts and Marketing Specialists*', 'SOUTH KOREA']
['Other Economic Sector', 'Certified', '90028', 'TRAILER PARK INC', 'Software Developers, Applications', 'INDIA']
['Aerospace', 'Certified', '90071', 'AECOM TECHNICAL SERVICES, INC.', 'Environmental Engineers', 'INDIA']
['Other Economic Sector', 'Certified', '90058', 'GENX CLOTHING, INC', 'Market Research Analysts and Marketing Specialists*', 'SOUTH KOREA']
['Other Economic Sector', 'Certified', '90067', 'CREATIVE ARTISTS AGENCY', 'Computer Systems Analysts', 'INDIA']
['Other Economic Sector', 'Certified', '90067', 'CREATIVE ARTISTS AGENCY', 'Financial Analysts', 'CANADA']
['Other Economic Sector', 'Certified', '90058', 'PEGGY, INC.', 'Designers, All Other', 'SOUTH KOREA']
['', 'Denied', '90037', 'GILLI, INC.', 'Fashion Designers', 'SOUTH KOREA']
['Advanced Mfg', 'Certified', '90058', 'RENNES APPAREL, INC.', 'Chief Executives', 'SOUTH KOREA']
['IT', 'Certified', '90045', 'EQUATOR, LLC', 'Software Developers, Applications', 'INDIA']
['Other Economic Sector', 'Certified', '90017', 'TACTARA LLC', 'Software Developers, Applications', 'INDIA']
['Other Economic Sector', 'Certified', '90064', 'VICAR OPERATING, INC.', 'Veterinarians', 'CANADA']
['Advanced Mfg', 'Certified', '90058', 'FAIRWAY TRADING, INC.', 'Accountants and Auditors', 'PHILIPPINES']
['Other Economic Sector', 'Certified', '90046', 'DIRECTORS GUILD OF AMERICA', 'Software Developers, Applications', 'AUSTRALIA']
['IT', 'Certified', '90045', 'SAVIYNT, LLC', 'Software Developers, Applications', 'INDIA']
['Transportation', 'Certified', '90010', 'ASIANA AIRLINES', 'Financial Managers', 'SOUTH KOREA']
['Construction', 'Certified', '90010', 'NAEROK PROPERTY DEVELOPMENT INC', 'Construction Managers', 'SOUTH KOREA']
['', 'Denied', '90019', 'JPH CONSULTING, INC.(FORMERLY JPH MANAGEMENT,INC.)', 'Engineering Managers', 'SOUTH KOREA']
['Other Economic Sector', 'Certified', '90064', 'ORAN ENTERPRISES INC', 'Market Research Analysts and Marketing Specialists*', 'PHILIPPINES']
['Health Care', 'Certified', '90017', 'L. A. CARE HEALTH PLAN', 'Database Administrators', 'INDIA']
['Transportation', 'Certified', '90033', 'HERCULES MOVING SYSTEM', 'Accountants and Auditors', 'PERU']
['IT', 'Certified', '90045', 'EQUATOR, LLC', 'Software Developers, Applications', 'INDIA']
['Advanced Mfg', 'Certified', '90010', 'CJ BAKERY INC', 'Market Research Analysts and Marketing Specialists*', 'SOUTH KOREA']
['Other Economic Sector', 'Certified', '90058', 'BOBCO METALS', 'Network and Computer Systems Administrators*', 'PHILIPPINES']
['Other Economic Sector', 'Certified', '90017', 'EVOQ PROPERTIES, INC', 'Financial Managers', 'UNITED KINGDOM']
['Educational Services', 'Certified', '90017', 'LOS ANGELES UNIFIED SCHOOL DISTRICT', 'Secondary School Teachers, Except Special and Career/Technical Education', 'PHILIPPINES']
['Other Economic Sector', 'Certified', '90025', 'CBRE, INC', 'Financial Analysts', 'ROMANIA']
['Construction', 'Certified', '90010', 'CRESCENT PACIFIC, INC', 'Civil Engineers', 'SOUTH KOREA']
['Health Care', 'Certified', '90028', 'CHILDRENS HOSPITAL LOS ANGELES MEDICAL GROUP, INC.', 'Physicians and Surgeons, All Other', 'ARMENIA']
['Finance', 'Certified', '90025', 'COHEN & BENDER ACCOUNTANCY CORP.', 'Accountants and Auditors', 'SOUTH KOREA']
['', 'Certified', '90045', 'SUNRISE LAX PARKING, CORP.', 'Market Research Analysts and Marketing Specialists*', 'IRAN']
['Other Economic Sector', 'Certified', '90058', 'L.A. GRAND CLOTHING, INC.', 'Market Research Analysts and Marketing Specialists*', 'SOUTH KOREA']
['Other Economic Sector', 'Certified', '90010', 'KORSY ENTERPRISES, INC.', 'Marketing Managers', 'SOUTH KOREA']
['Finance', 'Certified', '90066', 'KELSEY NATIONAL CORPORATION', 'Logisticians', 'KAZAKHSTAN']
['Other Economic Sector', 'Certified', '90037', 'PLUS MANAGEMENT INC', 'Fashion Designers', 'SOUTH KOREA']
['Hospitality', 'Certified', '90005', 'B C D TOFU HOUSE INC', 'Public Relations Specialists', 'SOUTH KOREA']
['Other Economic Sector', 'Certified', '90064', 'VICAR OPERATING, INC.', 'Veterinarians', 'CANADA']
['Other Economic Sector', 'Certified', '90007', 'ORBIT INDUSTRIES, INC.', 'Electrical Engineers', 'CHINA']
['Hospitality', 'Certified', '90010', 'MAGILINK MANAGEMENT, INC.', 'Market Research Analysts and Marketing Specialists*', 'SOUTH KOREA']
['IT', 'Certified', '90064', 'DREAM PC', 'Software Developers, Systems Software', 'JAPAN']
['Other Economic Sector', 'Certified', '90007', 'UNION AMERICA INTERNATIONAL, INC.', 'Fashion Designers', 'SOUTH KOREA']
['Biotechnology', 'Certified', '90025', 'NANTWORKS, LLC', 'Software Developers, Applications', 'INDIA']
['IT', 'Certified', '90045', 'LOGAN PRODUCTIONS, INC.', 'Cost Estimators', 'JAPAN']
['IT', 'Certified', '90045', 'LOGAN PRODUCTIONS, INC.', 'Multi-Media Artists and Animators', 'JAPAN']
['Other Economic Sector', 'Certified', '90007', 'UNION AMERICA INTERNATIONAL, INC.', 'Sales Managers', 'SOUTH KOREA']
['Other Economic Sector', 'Certified', '90071', 'PAUL HASTINGS LLP', 'Lawyers', 'CANADA']
['Retail', 'Certified', '90015', 'JHKO, INC.', 'Management Analysts', 'SOUTH KOREA']
['Other Economic Sector', 'Certified', '90014', 'LA STREET HOUSING MANAGEMENT 1', 'Computer and Information Systems Managers', 'PHILIPPINES']
['Other Economic Sector', 'Certified', '90058', 'TRUE WORLD FOODS LOS ANGELES LLC', 'Market Research Analysts and Marketing Specialists*', 'JAPAN']
['IT', 'Certified', '90016', 'ENDPLAY', 'Software Developers, Applications', 'INDIA']
['Educational Services', 'Certified', '90020', 'WORLD MISSION UNIVERSITY', 'Psychology Teachers, Postsecondary', 'SOUTH KOREA']
['Other Economic Sector', 'Certified', '90046', 'LA MODELS INC.', 'Financial Managers', 'INDIA']
['Advanced Mfg', 'Certified', '90011', 'XENOS FASHION, INC', 'Market Research Analysts and Marketing Specialists*', 'SOUTH KOREA']
['', 'Denied', '90021', 'KO ONE, INC.', 'Market Research Analysts', 'SOUTH KOREA']
['Other Economic Sector', 'Certified', '90017', 'SOUTHERN CALIFORNIA ASSOCIATION OF GOVERNMENTS', 'Civil Engineers', 'THAILAND']
['Aerospace', 'Certified', '90071', 'AECOM TECHNICAL SERVICES, INC.', 'Cost Estimators', 'CANADA']
['Finance', 'Certified', '90028', 'ZESTFINANCE, INC.', 'Software Developers, Applications', 'RUSSIA']
['Other Economic Sector', 'Certified', '90040', 'CLEMSON DISTRIBUTION INC.', 'Accountants and Auditors', 'PHILIPPINES']
['Educational Services', 'Certified', '90010', 'VISION 21 ART & DESIGN COLLEGE', 'Instructional Coordinators', 'SOUTH KOREA']
['IT', 'Certified', '90045', 'EQUATOR, LLC', 'Information Security Analysts, Web Developers, and Computer Network Architects', 'INDIA']
['Advanced Mfg', 'Certified', '90011', 'DENTCA, INC', 'Market Research Analysts and Marketing Specialists*', 'SOUTH KOREA']
['Other Economic Sector', 'Certified', '90064', 'TELEFLORA, LLC', 'Software Developers, Applications', 'INDIA']
['Educational Services', 'Certified', '90032', 'CALIFORNIA STATE UNIVERSITY, LOS ANGELES', 'Mathematical Science Teachers, Postsecondary', 'CHINA']
['Other Economic Sector', 'Certified', '90025', 'THE RUBICON PROJECT', 'Software Developers, Applications', 'CHINA']
['Other Economic Sector', 'Certified', '90045', 'LOWERMYBILLS,INC', 'Software Developers, Applications', 'INDONESIA']
['Other Economic Sector', 'Certified', '90058', 'WANG GLOBALNET', 'Market Research Analysts and Marketing Specialists*', 'SOUTH KOREA']
['Other Economic Sector', 'Certified', '90034', 'ARK OF NOAH CHURCH', 'Directors, Religious Activities and Education', 'SOUTH KOREA']
['Construction', 'Certified', '90006', 'MISONG CORPORATION', 'Architectural and Civil Drafters', 'SOUTH KOREA']
['IT', 'Certified', '90048', 'INHANCE DIGITAL CORPORATION', 'Software Developers, Applications', 'INDIA']
['Other Economic Sector', 'Certified', '90017', 'SOUTHERN CALIFORNIA ASSOCIATION OF GOVERNMENTS', 'Urban and Regional Planners', 'SOUTH KOREA']
['Other Economic Sector', 'Certified', '90021', 'MEDICI TEXTILE, INC.', 'Computer Systems Analysts', 'SOUTH KOREA']
['', 'Certified', '90010', '&TV COMMUNICATIONS, INC.', 'Producers and Directors', 'SOUTH KOREA']
['Other Economic Sector', 'Certified', '90010', 'UNITED MEDICAL HUMAN GROUP, INC.', 'Medical and Health Services Managers', 'SOUTH KOREA']
['Finance', 'Certified', '90045', 'MARCH VISION CARE, INC.', 'Software Developers, Applications', 'INDIA']
['Other Economic Sector', 'Certified', '90069', 'EXCEL PROPERTY MANAGEMENT SERVICES, INC.', 'Urban and Regional Planners', 'PHILIPPINES']
['Other Economic Sector', 'Certified', '90067', 'AD.NET, INC.', 'Software Developers, Applications', 'INDIA']
['Other Economic Sector', 'Certified', '90028', 'LIVE NATION WORLDWIDE, INC.', 'Computer Systems Analysts', 'INDIA']
['Health Care', 'Certified', '90017', 'L. A. CARE HEALTH PLAN', 'Computer Systems Analysts', 'INDIA']
['IT', 'Certified', '90010', 'NOWCOM CORPORATION', 'Software Developers, Applications', 'CANADA']
['Other Economic Sector', 'Certified', '90005', 'BBHOUSE,INC.', 'Education Administrators, Preschool and Childcare Center/Program', 'SOUTH KOREA']
['Retail', 'Certified', '90040', 'CORNERSTONE APPAREL, INC.', 'Graphic Designers', 'SOUTH KOREA']
['Advanced Mfg', 'Certified', '90011', 'XENOS FASHION, INC.', 'Market Research Analysts and Marketing Specialists*', 'SOUTH KOREA']
['Other Economic Sector', 'Certified', '90015', 'CALLA COLLECTION USA, INC.', 'Market Research Analysts and Marketing Specialists*', 'SOUTH KOREA']
['Other Economic Sector', 'Certified', '90048', 'THE AARON SIMS COMPANY', 'Art Directors', 'SOUTH KOREA']
['IT', 'Certified', '90010', 'NOWCOM CORPORATION', 'Software Developers, Applications', 'INDIA']
['Other Economic Sector', 'Certified', '90067', 'MARMARA DEVELOPMENT GROUP, LLC', 'Marketing Managers', 'TURKEY']
['Finance', 'Certified', '90010', 'CHRISTIAN DEBT PROFESSIONALS GROUP', 'Paralegals and Legal Assistants*', 'SOUTH KOREA']
['IT', 'Certified', '90007', 'MAKESHOPNCOMPANY, INC.', 'Management Analysts', 'SOUTH KOREA']
['Advanced Mfg', 'Certified', '90023', 'STEPS APPAREL GROUP, INC', 'Fashion Designers', 'SOUTH KOREA']
['Health Care', 'Certified', '90041', 'MARITONE SUANSING-OLAER DDS INC.', 'Market Research Analysts and Marketing Specialists*', 'PHILIPPINES']
['Other Economic Sector', 'Certified', '90028', 'LIVE NATION WORLDWIDE, INC.', 'Software Developers, Applications', 'INDIA']
['Advanced Mfg', 'Certified', '90022', 'SARINOTEX CORPORATION', 'Marketing Managers', 'INDONESIA']
['Other Economic Sector', 'Certified', '90025', 'MARKETSHARE PARTNERS LLC', 'Computer and Information Research Scientists', 'BRAZIL']
['Other Economic Sector', 'Certified', '90025', 'WESTFIELD, LLC', 'Architects, Except Landscape and Naval', 'SOUTH KOREA']
['Other Economic Sector', 'Certified', '90021', 'SAMTEX FABRICS, INC.', 'Computer and Information Systems Managers', 'PHILIPPINES']
['', 'Denied', '90007', 'C & H STORE EQUIPMENT CO., INC.', 'Interior Designers', 'JAPAN']
['Other Economic Sector', 'Certified', '90021', 'TONIC WHOLESALE D.B.A. ACE WHOLESALE', 'Computer Systems Analysts', 'SOUTH KOREA']
['Other Economic Sector', 'Certified', '90034', 'CENTURY VETERINARY GROUP', 'Veterinarians', 'CANADA']
['Other Economic Sector', 'Certified', '90005', 'NEW STAR REALTY INC.', 'Financial Managers', 'SOUTH KOREA']
['Other Economic Sector', 'Certified', '90025', 'CBRE, INC', 'Software Developers, Applications', 'NEPAL']
['Other Economic Sector', 'Certified', '90045', 'MOBILE MESSENGER GLOBAL, INC', 'Database Administrators', 'INDIA']
['Other Economic Sector', 'Certified', '90024', 'LINER GRODE STEIN YANKELEVITZ SUNSHINE REGENSTREIF', 'Lawyers', 'JAPAN']
['Other Economic Sector', 'Certified', '90058', 'BCBG MAX AZRIA GROUP, INC.', 'Financial Managers', 'CANADA']
['Other Economic Sector', 'Certified', '90058', 'GENX CLOTHING, INC', 'Art Directors', 'SOUTH KOREA']
['Educational Services', 'Certified', '90032', 'CALIFORNIA STATE UNIVERSITY, LOS ANGELES', 'Engineering Teachers, Postsecondary', 'BRAZIL']
['Advanced Mfg', 'Certified', '90021', 'KNIT CREATIONS, INC.', 'Management Analysts', 'JAPAN']
['Other Economic Sector', 'Certified', '90033', 'NON STOP EMBROIDRY INC', 'Mechanical Engineers', 'SOUTH KOREA']
['Other Economic Sector', 'Certified', '90066', 'C & P CONSTRUCTION DEVELOPMENT INC.', 'Interior Designers', 'IRAN']
['Other Economic Sector', 'Certified', '90011', 'K TOO', 'Accountants and Auditors', 'SOUTH KOREA']
['Other Economic Sector', 'Certified', '90021', 'GAVO, INC', 'Transportation, Storage, and Distribution Managers', 'SOUTH KOREA']
['Other Economic Sector', 'Certified', '90025', 'J.T. NAKAOKA ASSOCIATES ARCHITECTS', 'Interior Designers', 'SOUTH KOREA']
['Other Economic Sector', 'Certified', '90010', 'PRESTIGE NETWORK RESOURCE CONSULTING INC', 'Administrative Services Managers', 'PHILIPPINES']
['Other Economic Sector', 'Certified', '90021', 'E.S.E. ELECTRONICS, INC.', 'Accountants and Auditors', 'PHILIPPINES']
['IT', 'Certified', '90045', 'LANGUAGE WEAVER, INC.', 'Computer and Information Research Scientists', 'CHINA']
['Other Economic Sector', 'Certified', '90045', 'PRIMEX INTERNATIONAL TRADING CORP.', 'Database Administrators', 'IRAN']
['Aerospace', 'Certified', '90040', 'MICHELSON LABORATORIES INC.', 'Food Scientists and Technologists', 'MALAYSIA']
['Other Economic Sector', 'Certified', '90015', 'MEJOONG CORPORATION', 'Budget Analysts', 'SOUTH KOREA']
['Other Economic Sector', 'Certified', '90025', 'CBRE, INC', 'Architectural and Engineering Managers', 'DOMINICAN REPUBLIC']
['Biotechnology', 'Certified', '90005', 'JOONGANG DAILY NEWS CA, INC. DBA THE KOREA DAILY', 'Operations Research Analysts', 'SOUTH KOREA']
['Finance', 'Certified', '90010', 'LEE & PARK CO., AN ACCOUNTANCY CORP.', 'Accountants and Auditors', 'SOUTH KOREA']
['Finance', 'Certified', '90071', 'CAPITAL RESEARCH COMPANY', 'Financial Analysts', 'INDIA']
['Educational Services', 'Certified', '90020', 'PRODEE UNIVERSITY', 'Librarians', 'SOUTH KOREA']
['Other Economic Sector', 'Certified', '90012', 'CHINATOWN SERVICE CENTER', 'Child, Family, and School Social Workers', 'HONG KONG']
['Health Care', 'Certified', '90048', 'CEDARS-SINAI MEDICAL CENTER', 'Compliance Officers', 'INDIA']
['Finance', 'Certified', '90066', 'KELSEY NATIONAL CORPORATION', 'Software Developers, Applications', 'RUSSIA']
['Other Economic Sector', 'Certified', '90005', 'NEW STAR REALTY INC.', 'Urban and Regional Planners', 'SOUTH KOREA']
['Finance', 'Certified', '90010', 'KIM & LEE CORPORATION, CPAS', 'Accountants and Auditors', 'SOUTH KOREA']
['Other Economic Sector', 'Certified', '90045', 'MOBILE MESSENGER GLOBAL, INC', 'Architectural and Engineering Managers', 'AUSTRALIA']
['IT', 'Certified', '90025', 'REUNIFY', 'Software Developers, Applications', 'SOUTH KOREA']
['Other Economic Sector', 'Certified', '90025', 'CBRE, INC', 'Construction Managers', 'INDIA']
['Health Care', 'Certified', '90017', 'L. A. CARE HEALTH PLAN', 'Software Developers, Applications', 'CHINA']
['Health Care', 'Certified', '90017', 'L. A. CARE HEALTH PLAN', 'Statisticians', 'TAIWAN']
['Energy', 'Certified', '90024', 'OCCIDENTAL PETROLEUM CORP', 'Accountants and Auditors', 'PHILIPPINES']
['IT', 'Certified', '90045', 'EQUATOR, LLC', 'Database Administrators', 'INDIA']
['Other Economic Sector', 'Certified', '90019', 'JPH CONSULTINGINC', 'Medical and Health Services Managers', 'SOUTH KOREA']
['IT', 'Certified', '90025', 'REUNIFY', 'Computer Systems Analysts', 'IRAN']
['Health Care', 'Certified', '90010', 'LOS ANGELES HOSPICE, INC.', 'Accountants and Auditors', 'PHILIPPINES']
['Other Economic Sector', 'Certified', '90014', 'CONTINENTAL ASSAYING AND MELTING FACILITY, INC.', 'Bookkeeping, Accounting, and Auditing Clerks', 'LEBANON']
['Other Economic Sector', 'Certified', '90036', 'WESTSIDE WHOLESALE ELECTRIC', 'Industrial Engineers', 'GERMANY']
['Other Economic Sector', 'Certified', '90019', 'CALIFORNIA MIND BODY, INC.', 'Producers and Directors', 'SOUTH KOREA']
['Other Economic Sector', 'Certified', '90048', 'DECOR DE PARIS, INC.', 'Executive Secretaries and Executive Administrative Assistants', 'PHILIPPINES']
['Other Economic Sector', 'Certified', '90048', 'ECRU, INC., DBA MINOTTI LOS ANGELES', 'Interior Designers', 'ITALY']
['Other Economic Sector', 'Certified', '90045', 'MOBILE MESSENGER GLOBAL, INC', 'Software Developers, Applications', 'INDIA']
['Advanced Mfg', 'Certified', '90021', 'TEX-ELLENT, INC.', 'Marketing Managers', 'PHILIPPINES']
['Other Economic Sector', 'Certified', '90010', 'YOUNGOK S. KIM & ASSOCIATES, PLC', 'Lawyers', 'SOUTH KOREA']
['Other Economic Sector', 'Certified', '90005', 'JOONG ANG MEDIA NETWORK USA, INC.', 'Public Relations and Fundraising Managers', 'SOUTH KOREA']
['IT', 'Certified', '90045', 'LANGUAGE WEAVER, INC.', 'Computer and Information Research Scientists', 'MOROCCO']
['Advanced Mfg', 'Certified', '90011', 'TEX U.S.A., INC.', 'Market Research Analysts and Marketing Specialists*', 'SOUTH KOREA']
['IT', 'Certified', '90045', 'GURUCUL SOLUTIONS, LLC', 'Computer Systems Analysts', 'INDIA']
['Health Care', 'Certified', '90005', 'WELCOME CARE CORP', 'Medical and Health Services Managers', 'SOUTH KOREA']
['Other Economic Sector', 'Certified', '90025', 'CBRE, INC', 'Computer Systems Analysts', 'INDIA']
['Other Economic Sector', 'Certified', '90025', 'MARKETSHARE PARTNERS LLC', 'Operations Research Analysts', 'INDIA']
['Finance', 'Certified', '90017', 'ROYAL BUSINESS BANK', 'Information Security Analysts, Web Developers, and Computer Network Architects', 'TAIWAN']
['Other Economic Sector', 'Certified', '90015', 'MEESHEE INC.DBA SOB CLOTHING', 'Management Analysts', 'PHILIPPINES']
['Other Economic Sector', 'Certified', '90016', 'CUSTOMCRAFT UPHOLSTERS INC', 'Upholsterers', 'MEXICO']
['Finance', 'Certified', '90010', 'BLUE ACCOUNTANCY CORPORATION', 'Accountants and Auditors', 'SOUTH KOREA']
['Other Economic Sector', 'Certified', '90023', 'AMERICAN MOTIF KING, INC.', 'Fashion Designers', 'SOUTH KOREA']
['IT', 'Certified', '90045', 'EQUATOR, LLC', 'Software Developers, Applications', 'INDIA']
['Retail', 'Certified', '90020', 'ZION CAPITAL INVESTMENT, INC.', 'Pharmacists', 'SOUTH KOREA']
['Advanced Mfg', 'Certified', '90015', 'MILKYWAY JEANS, INC.', 'Sales Managers', 'SOUTH KOREA']
['Health Care', 'Certified', '90048', 'CEDARS-SINAI MEDICAL CENTER', 'Computer Systems Analysts, Non R&D (ACWIA Only)', 'INDIA']
['Hospitality', 'Certified', '90010', '50 MORGAN CT, LLC', 'Management Analysts', 'SOUTH KOREA']
['Health Care', 'Certified', '90010', 'SEYONG CHOI PHYSICAL THERAPY', 'Recreational Therapists', 'SOUTH KOREA']
['Advanced Mfg', 'Certified', '90021', 'SAMTEX FABRICS INC', 'Marketing Managers', 'PHILIPPINES']
['Biotechnology', 'Certified', '90049', 'CYTRX CORPORATION', 'Accountants and Auditors', 'CHINA']
['Hospitality', 'Certified', '90064', 'AMEY ENTERPRISES (DBA. OLYMPIC COLLECTION)', 'Accountants and Auditors', 'PHILIPPINES']
['Other Economic Sector', 'Certified', '90005', 'JOONGANG DAILY NEWS CA, INC. DBA THE KOREA DAILY', 'Instructional Coordinators', 'SOUTH KOREA']
['Retail', 'Certified', '90006', 'JS & H APOTHECARY, INC.', 'Management Analysts', 'SOUTH KOREA']
['Other Economic Sector', 'Certified', '90010', '1901 LA, LLC', 'Management Analysts', 'SOUTH KOREA']
['Other Economic Sector', 'Certified', '90003', 'CALKO STEEL, INC.', 'Sales Managers', 'SOUTH KOREA']
['Other Economic Sector', 'Certified', '90067', 'MARMARA DEVELOPMENT GROUP, LLC', 'Architectural and Engineering Managers', 'IRAN']
['IT', 'Certified', '90067', 'NEWS AMERICA INC', 'Software Developers, Applications', 'INDIA']
['Other Economic Sector', 'Certified', '90071', 'MEDIA CREATION TECHNOLOGIES, INC.', 'Graphic Designers', 'JAPAN']
['Energy', 'Certified', '90071', 'BREITBURN MANAGEMENT COMPANY LLC', 'Geoscientists, Except Hydrologists and Geographers', 'CANADA']
['Educational Services', 'Certified', '90057', 'LA NEW TIMES PRESBYTERIAN CHURCH WESTERN SCHOOL', 'Education Administrators, Preschool and Childcare Center/Program', 'SOUTH KOREA']
['Other Economic Sector', 'Certified', '90058', 'UNICOLORS, INC.', 'Market Research Analysts and Marketing Specialists*', 'SOUTH KOREA']
['Other Economic Sector', 'Certified', '90025', 'CBRE, INC', 'Chief Executives', 'SINGAPORE']
['Other Economic Sector', 'Certified', '90015', 'VERSAILLES HOME TEXTILE', 'Accountants and Auditors', 'PHILIPPINES']
['Finance', 'Certified', '90071', 'PERIDIEM GLOBAL INVESTORS, LLC', 'Financial Analysts', 'BRAZIL']
['IT', 'Certified', '90067', 'NEWS AMERICA INC', 'Software Developers, Applications', 'MEXICO']
['Other Economic Sector', 'Certified', '90025', 'CBRE, INC', 'Computer Systems Analysts', 'INDIA']
['Other Economic Sector', 'Certified', '90016', 'ASIAN AMERICAN DRUG ABUSE PROGRAM', 'Mental Health and Substance Abuse Social Workers', 'SOUTH KOREA']
['Other Economic Sector', 'Certified', '90045', 'LOWERMYBILLS,INC', 'Computer Systems Analysts', 'UNITED STATES OF AMERICA']
['Finance', 'Certified', '90010', 'FARMERS SERVICES, LLC', 'Software Developers, Applications', 'INDIA']
['Educational Services', 'Certified', '90010', 'ADVANCED COMPUTING INSTITUTE, INC.', 'Instructional Coordinators', 'ARMENIA']
['Advanced Mfg', 'Certified', '90061', 'SCOTTEX,INC.', 'Management Analysts', 'SOUTH KOREA']
['', 'Denied', '90045', 'PRIMEX INTERNATIONAL TRADING CORP.', 'Logisticians', 'HONG KONG']
['', 'Denied', '90011', 'KARIS FASHION, INC', 'Fashion Designers', 'SOUTH KOREA']
['', 'Denied', '90035', 'PACKWORTH APARTMENTS', 'Maintenance and Repair Workers, General', 'MEXICO']
['Educational Services', 'Denied', '90017', 'LOS ANGELES UNIFIED SCHOOL DISTRICT', 'Special Education Teachers, Middle School', 'PHILIPPINES']
['', 'Denied', '90058', 'ELLEN & ERIC ENTERPRISES, INC.', 'Bookkeeping, Accounting, and Auditing Clerks', 'SOUTH KOREA']
['', 'Denied', '90017', 'PROPERTY ID CORPORATION', 'Computer and Information Systems Managers', 'INDIA']
['', 'Denied', '90010', 'TELEVISION KOREA 24, INC', 'Broadcast News Analysts', 'SOUTH KOREA']
['Health Care', 'Denied', '90026', 'ENOVA MEDICAL RESPONSE', 'Police, Fire, and Ambulance Dispatchers', 'MEXICO']
['', 'Denied', '90021', 'F & F ENTERPRISES, INC.', 'Bookkeeping, Accounting, and Auditing Clerks', 'PHILIPPINES']
['Other Economic Sector', 'Denied', '90015', 'CINDERELLA DIVINE, INC.', 'Network and Computer Systems Administrators', 'SOUTH KOREA']
['Other Economic Sector', 'Denied', '90022', 'EL CLASIFICADO', 'Copy Writers', 'ECUADOR']
['Educational Services', 'Denied', '90017', 'LOS ANGELES UNIFIED SCHOOL DISTRICT', 'Special Education Teachers, Secondary School', 'PHILIPPINES']
['Educational Services', 'Denied', '90017', 'LOS ANGELES UNIFIED SCHOOL DISTRICT', 'Special Education Teachers, Middle School', 'PHILIPPINES']
['Other Economic Sector', 'Denied', '90016', 'SK MARKET, INC.', 'General and Operations Managers', 'SOUTH KOREA']
['', 'Denied', '90010', 'SEONHO HA, DDS, INC.', 'Executive Secretaries and Administrative Assistants', 'SOUTH KOREA']
['Retail', 'Denied', '90006', 'ONE HONG, INC.', 'Food Service Managers', 'SOUTH KOREA']
['Other Economic Sector', 'Denied', '90058', 'J & H TRADING, INC.', 'First-Line Supervisors/Managers of Retail Sales Workers', 'SOUTH KOREA']
['Educational Services', 'Denied', '90017', 'LOS ANGELES UNIFIED SCHOOL DISTRICT', 'Special Education Teachers, Middle School', 'PHILIPPINES']
['Other Economic Sector', 'Denied', '90015', 'J TRIMS & SUPPLY, INC.', 'Market Research Analysts', 'SOUTH KOREA']
['Retail', 'Denied', '90019', 'AMAZING AIRCONDITIONING, INC.', 'Electricians', 'SOUTH KOREA']
['Other Economic Sector', 'Denied', '90021', 'ANN 2 LA MODA, INC.', 'Sales Managers', 'SOUTH KOREA']
['Advanced Mfg', 'Denied', '90021', 'SEKERO INTERNATIONAL, INC.', 'Sales Managers', 'SOUTH KOREA']
['', 'Denied', '90045', 'SECURONIX, LLC', 'Computer and Information Systems Managers', 'INDIA']
['', 'Denied', '90025', 'WOODCLIFF CORPORATION', 'Civil Engineers', 'CANADA']
['', 'Denied', '90023', 'BRUCE SHEN', 'Market Research Analysts', 'TAIWAN']
['Other Economic Sector', 'Denied', '90010', 'SANG AM & ASSOCIATES, INC.', 'Art Directors', 'SOUTH KOREA']
['Other Economic Sector', 'Denied', '90005', 'NEW STAR REALTY INC.', 'Market Research Analysts', 'SOUTH KOREA']
['Other Economic Sector', 'Denied', '90010', 'TV KOREA USA, INC.', 'Reporters and Correspondents', 'SOUTH KOREA']
['Other Economic Sector', 'Denied', '90015', 'CALIFORNIA CALVARY CHURCH', 'Music Directors and Composers', 'SOUTH KOREA']
['IT', 'Denied', '90064', 'ALLFON LLC', 'Computer Software Engineers, Applications', 'INDIA']
['Other Economic Sector', 'Denied', '90036', 'DENTIS USA', 'Sales Managers', 'SOUTH KOREA']
['', 'Denied', '90017', 'KATZ & VARON, CERTIFIED PUBLIC ACCOUNTANTS', 'Accountants and Auditors', 'INDIA']
['Aerospace', 'Denied', '90025', 'ASSOCIATED CONSULTING CIVIL ENVIRONMENTAL SERVICES', 'Marketing Managers', 'CANADA']
['Advanced Mfg', 'Denied', '90021', 'TEX-ELLENT, INC. (DBA. PARAMOUNT TEXTILES)', 'Market Research Analysts', 'PHILIPPINES']
['Other Economic Sector', 'Denied', '90016', 'TOKIDOKI LLC', 'Graphic Designers', 'JAPAN']
['Other Economic Sector', 'Denied', '90011', 'M-TEXTILE CORPORATION', 'Logisticians', 'SOUTH KOREA']
['Retail', 'Denied', '90021', 'W&M ENTERPRISES, INC.', 'Market Research Analysts and Marketing Specialists*', 'SOUTH KOREA']
['Hospitality', 'Denied', '90066', 'CAFE BRASIL', 'Cooks, Restaurant', 'MEXICO']
['Other Economic Sector', 'Denied', '90004', 'COVENANT LOS ANGELES CHURCH', 'Clergy', 'SOUTH KOREA']
['Other Economic Sector', 'Denied', '90020', 'LIVING STREAM PRESBYTERIAN CHURCH', 'Directors, Religious Activities and Education', 'SOUTH KOREA']
['Hospitality', 'Denied', '90006', 'AWON CORPORATION', 'Chefs and Head Cooks', 'SOUTH KOREA']
['Finance', 'Denied', '90010', 'CIFS INC', 'Market Research Analysts and Marketing Specialists*', 'SOUTH KOREA']
['Construction', 'Denied', '90007', 'CHRISTIAN REMODEL CONSTRUCTION', 'General and Operations Managers', 'SOUTH KOREA']
['Educational Services', 'Denied', '90065', 'SHEPHERD UNIVERSITY', 'Education Administrators, Postsecondary', 'SOUTH KOREA']
['Other Economic Sector', 'Denied', '90021', 'DOWEL TEX., INC DBA COLLAGE', 'Secretaries and Administrative Assistants, Except Legal, Medical, and Executive', 'SOUTH KOREA']
['Other Economic Sector', 'Denied', '90021', 'PINK PLEASURE, INC.', 'Market Research Analysts and Marketing Specialists*', 'SOUTH KOREA']
['Hospitality', 'Denied', '90012', 'RESTAURANT KOSHIJI', 'Chefs and Head Cooks', 'JAPAN']
['Hospitality', 'Denied', '90012', 'MORISHITA ENTERPRISES', 'Chefs and Head Cooks', 'JAPAN']
['Other Economic Sector', 'Denied', '90004', 'THE ORIENTAL MISSION CHURCH', 'Directors, Religious Activities and Education', 'SOUTH KOREA']
['Advanced Mfg', 'Denied', '90021', 'HAN CLOTHING, INC.', 'Sales Managers', 'SOUTH KOREA']
['IT', 'Denied', '90010', 'KT AMERICA INC.', 'Electrical and Electronics Engineering Technicians', 'SOUTH KOREA']
['Health Care', 'Denied', '90034', 'INTEGRATED THERAPRY SOLUTIONS', 'Special Education Teachers, Preschool, Kindergarten, and Elementary School*', 'PHILIPPINES']
['Hospitality', 'Denied', '90045', 'SPECIALTY TOURS - INTERNATIONAL (USA) INC.', 'Interpreters and Translators', 'PHILIPPINES']
['Other Economic Sector', 'Denied', '90015', 'DENIM CULTURE INC', 'General and Operations Managers', 'AUSTRALIA']
['Advanced Mfg', 'Denied', '90058', 'THE TIMING, INC.', 'Desktop Publishers', 'SOUTH KOREA']
['Advanced Mfg', 'Denied', '90023', 'LAX WHEELS REFINISHING INC.', 'Grinding, Lapping, Polishing, and Buffing Machine Tool Setters, Operators, and Tenders, Metal and Plastic', 'MEXICO']
['Health Care', 'Denied', '90058', 'HZ ACUPUNCTURE, INC.', 'Health Diagnosing and Treating Practitioners, All Other', 'SOUTH KOREA']
['Other Economic Sector', 'Denied', '90021', 'H STYLE, INC', 'Wholesale and Retail Buyers, Except Farm Products', 'SOUTH KOREA']
['Advanced Mfg', 'Denied', '90014', 'LA CREATIONS INC', 'Jewelers and Precious Stone and Metal Workers', 'MEXICO']
['Finance', 'Denied', '90014', 'ROBHANNA, INC.', '', 'GERMANY']
['Educational Services', 'Denied', '90020', 'PRODEE UNIVERSITY', 'Administrative Services Managers', 'SOUTH KOREA']
['Other Economic Sector', 'Denied', '90010', 'HAMMER ASSET MANAGEMENT GROUP, INC.', 'Financial Analysts', 'SOUTH KOREA']
['Advanced Mfg', 'Denied', '90021', 'MODERNICA, INC', 'Furniture Finishers', 'GUATEMALA']
['', 'Denied', '90014', 'TJOT, LLC DBA TOPS JEWELRY ON TIME', '', 'PHILIPPINES']
['Other Economic Sector', 'Denied', '90006', 'ITALEE OPTICS, INC.', 'Industrial Production Managers', 'SOUTH KOREA']
['Other Economic Sector', 'Denied', '90061', 'PS 121 INC', 'Bookkeeping, Accounting, and Auditing Clerks', 'SOUTH KOREA']
['Other Economic Sector', 'Denied', '90014', 'SUPER BELL JEWELRY CO INC', 'Jewelers and Precious Stone and Metal Workers', 'CHINA']
['Other Economic Sector', 'Denied', '90069', 'NIAZ INC. DBA FARRE SALON', 'Receptionists and Information Clerks', 'UNITED KINGDOM']
['Other Economic Sector', 'Denied', '90010', 'THE KOREA TIMES-LOS ANGELES, INC.', 'Reporters and Correspondents', 'UNITED STATES OF AMERICA']
['IT', 'Denied', '90066', 'GEHRY TECHNOLOGIES, INC', 'Software Developers, Systems Software', 'SOUTH KOREA']
['Other Economic Sector', 'Denied', '90006', 'HANATOUR USA, INC.', 'Market Research Analysts and Marketing Specialists*', 'SOUTH KOREA']
['Advanced Mfg', 'Denied', '90040', 'ADORN CLOTHING MFG., INC.', 'Fashion Designers', 'SOUTH KOREA']
['Health Care', 'Denied', '90066', 'BCIW, INC. DBA ELITE ONCOLOGY MEDICAL GROUP, INC', 'Accountants and Auditors', 'PHILIPPINES']
['Retail', 'Denied', '90017', 'BRAVEBERRY LLC', 'Market Research Analysts and Marketing Specialists*', 'THAILAND']
['Other Economic Sector', 'Denied', '90046', 'MICHAEL TRIGG', 'Maids and Housekeeping Cleaners', 'MEXICO']
['Other Economic Sector', 'Denied', '90021', 'K.S.F TRADING, INC.', 'Marketing Managers', 'SOUTH KOREA']
['Other Economic Sector', 'Denied', '90010', 'GRIDDY INC.', 'Transportation, Storage, and Distribution Managers', 'JAPAN']
['', 'Denied', '90037', 'MYONG SUN CHO (T-POINT INC)', '', 'SOUTH KOREA']
['Health Care', 'Denied', '90005', 'ANGEL DENTAL GROUP, INC', 'First-Line Supervisors of Office and Administrative Support Workers', 'SOUTH KOREA']
['Health Care', 'Denied', '90036', 'KRISTY H BAE DDS A', 'Dentists, General', 'SOUTH KOREA']
['Advanced Mfg', 'Denied', '90014', 'GOLDEN JEWELRY, INC.', 'Jewelers and Precious Stone and Metal Workers', 'SOUTH KOREA']
['Other Economic Sector', 'Denied', '90040', 'JFC INTERNATIONAL INC.', 'Marketing Managers', 'JAPAN']
['Hospitality', 'Denied', '90024', 'WESTWOOD NOODLE KITCHEN, INC.', 'Chefs and Head Cooks', 'SOUTH KOREA']
['Other Economic Sector', 'Denied', '90040', 'JFC INTERNATIONAL INC.', 'Sales Managers', 'JAPAN']
['Other Economic Sector', 'Denied', '90049', 'VERONICA TOUB', 'Childcare Workers', 'UNITED KINGDOM']
['Retail', 'Denied', '90021', 'FABRIC AVENUE, INC.', 'Marketing Managers', 'PHILIPPINES']
['Other Economic Sector', 'Denied', '90020', 'MBC DISTRIBUTION, INC.', 'Producers and Directors', 'SOUTH KOREA']
['Other Economic Sector', 'Denied', '90058', 'FOUR SEASONS GENERAL MERCHANDISE', 'Computer and Information Systems Managers', 'INDIA']
['Finance', 'Denied', '90010', 'FARMERS GROUP, INC.', 'Management Analysts', 'INDIA']
['Finance', 'Denied', '90010', 'ONY GLO, INC.', 'Financial Managers', 'SOUTH KOREA']
['Other Economic Sector', 'Denied', '90021', 'M & K TRADING INC.', 'Transportation, Storage, and Distribution Managers', 'SOUTH KOREA']
['Other Economic Sector', 'Denied', '90049', 'VERONICA TOUB', 'Childcare Workers', 'UNITED KINGDOM']
['Educational Services', 'Denied', '90064', 'GLOBAL INSTITUTE FOR DENTAL EDUCATION, LLC', 'Computer Systems Analysts', 'BRAZIL']
['Other Economic Sector', 'Denied', '90010', 'KAN GROUP CORP.', 'Reporters and Correspondents', 'SOUTH KOREA']
['Other Economic Sector', 'Denied', '90008', 'URSULA MATTHEWS', 'Maids and Housekeeping Cleaners', 'MEXICO']
['Other Economic Sector', 'Denied', '90015', 'LA PROPERTIES INVESTMENT, INC.', 'Accountants and Auditors', 'PHILIPPINES']
['', 'Denied', '90025', 'BRENDA BOLLA AND BEN GIOVANNI BOLLA', 'Nannies', 'UGANDA']
['Other Economic Sector', 'Denied', '90046', 'THC PRODUCTIONS, INC., DBA THE HUMAN COMPANY', 'Administrative Services Managers', 'FRANCE']
['', 'Denied', '90024', 'HOLOMIC, LLC', 'Marketing Managers', 'INDIA']
['Other Economic Sector', 'Denied', '90058', 'SOOFER COMPANY, INC. DBA SADAF FOODS', 'Logisticians', 'ISRAEL']
['Retail', 'Denied', '90069', 'JOSEPHS ANTIQUE INC', 'Wholesale and Retail Buyers, Except Farm Products', 'JAPAN']
['Other Economic Sector', 'Denied', '90094', 'BELKIN INTERNATIONAL, INC.', 'Software Developers, Applications', 'INDIA']
['Other Economic Sector', 'Denied', '90010', 'EBENEZER MEDICAL CLINIC, INC.', 'Bookkeeping, Accounting, and Auditing Clerks', 'SOUTH KOREA']
['Other Economic Sector', 'Denied', '90025', 'BRENDA K. BOLLA AND BEN GIOVANNI BOLLA', 'Childcare Workers', 'UGANDA']
['Retail', 'Denied', '90040', 'CORNERSTONE APPAREL, INC.', 'Interior Designers', 'SOUTH KOREA']
['Other Economic Sector', 'Denied', '90058', 'SOOFER COMPANY, INC. DBA SADAF FOODS', 'Logisticians', 'ISRAEL']
['Other Economic Sector', 'Denied', '90015', 'JUNGWOO LEE DBA BELL AND COMPANY', 'Secretaries and Administrative Assistants, Except Legal, Medical, and Executive', 'SOUTH KOREA']
['Advanced Mfg', 'Denied', '90058', 'DAMO TEXTILE INC.', 'Industrial Production Managers', 'SOUTH KOREA']
['Other Economic Sector', 'Denied', '90025', 'BRENDA K. BOLLA AND BEN GIOVANNI BOLLA', 'Childcare Workers', 'UGANDA']
['Advanced Mfg', 'Denied', '90021', 'HAN CLOTHING, INC.', 'Sales Managers', 'SOUTH KOREA']
['', 'Denied', '90021', 'STYLE IN USA, INC.', 'Market Research Analysts and Marketing Specialists*', 'SOUTH KOREA']
['Advanced Mfg', 'Denied', '90016', 'EEMA INDUSTRIES, INC. DBA LITON LIGHTING', 'Accountants and Auditors', 'PHILIPPINES']
['Other Economic Sector', 'Denied', '90021', 'A1 MIND INTERNATIONAL, INC.', 'Fashion Designers', 'SOUTH KOREA']
['Other Economic Sector', 'Denied', '90005', 'DAILY SPORTS SEOUL USA, INC', 'Reporters and Correspondents', 'SOUTH KOREA']
['Advanced Mfg', 'Denied', '90014', 'PACIFIC JEWELRY SERVICES', 'Sales Representatives, Wholesale and Manufacturing, Except Technical and Scientific Products', 'MEXICO']
['Retail', 'Withdrawn', '90021', 'ANN 2 LA MODA, INC.', 'Sales Managers', 'SOUTH KOREA']
['Educational Services', 'Withdrawn', '90017', 'LOS ANGELES UNIFIED SCHOOL DISTRICT', 'Special Education Teachers, Secondary School', 'PHILIPPINES']
['Finance', 'Withdrawn', '90010', 'C&H TAX AND BUSINESS CONSULTING, INC.', 'Bookkeeping, Accounting, and Auditing Clerks', 'SOUTH KOREA']
['Educational Services', 'Withdrawn', '90017', 'LOS ANGELES UNIFIED SCHOOL DISTRICT', 'Secondary School Teachers, Except Special and Vocational Education', 'PHILIPPINES']
['Educational Services', 'Withdrawn', '90017', 'LOS ANGELES UNIFIED SCHOOL DISTRICT', 'Special Education Teachers, Secondary School', 'CANADA']
['Educational Services', 'Withdrawn', '90017', 'LOS ANGELES UNIFIED SCHOOL DISTRICT', 'Secondary School Teachers, Except Special and Vocational Education', 'PHILIPPINES']
['Educational Services', 'Withdrawn', '90017', 'LOS ANGELES UNIFIED SCHOOL DISTRICT', 'Secondary School Teachers, Except Special and Vocational Education', 'PHILIPPINES']
['Health Care', 'Withdrawn', '90019', "TEA GARDEN & HERBAL EMPORIUM DBA DR. TEA'S TEA GARDEN & HERBAL EMPORIUM", 'Health Diagnosing and Treating Practitioners, All Other', 'JAPAN']
['Educational Services', 'Withdrawn', '90017', 'LOS ANGELES UNIFIED SCHOOL DISTRICT', 'Secondary School Teachers, Except Special and Vocational Education', 'PHILIPPINES']
['Educational Services', 'Withdrawn', '90017', 'LOS ANGELES UNIFIED SCHOOL DISTRICT', 'Secondary School Teachers, Except Special and Vocational Education', 'PHILIPPINES']
['Educational Services', 'Withdrawn', '90017', 'LOS ANGELES UNIFIED SCHOOL DISTRICT', 'Special Education Teachers, Secondary School', 'PHILIPPINES']
['Other Economic Sector', 'Withdrawn', '90040', 'PROTREND, LTD.', 'Marketing Managers', 'SOUTH KOREA']
['Other Economic Sector', 'Withdrawn', '90005', 'KBS AMERICA, INC.', 'Advertising and Promotions Managers', 'SOUTH KOREA']
['Hospitality', 'Withdrawn', '90018', 'SWEET TEMPTATIONS U.S.A., INC.', 'Bakers', 'MEXICO']
['Construction', 'Withdrawn', '90007', 'UGC ENTERPRISE, INC', 'Architects, Except Landscape and Naval', 'SOUTH KOREA']
['Other Economic Sector', 'Withdrawn', '90021', 'OAK APPAREL INC', 'Management Analysts', 'SOUTH KOREA']
['Finance', 'Withdrawn', '90066', 'KELSEY NATIONAL CORPORATION', 'Logisticians', 'KAZAKHSTAN']
['Hospitality', 'Withdrawn', '90020', 'PHAROS & SHRINE, INC', 'Market Research Analysts and Marketing Specialists*', 'SOUTH KOREA']
['Educational Services', 'Withdrawn', '90010', 'VISION 21 ART & DESIGN COLLEGE', 'Instructional Coordinators', 'SOUTH KOREA']
['Educational Services', 'Withdrawn', '90010', 'VISION 21 ART & DESIGN COLLEGE', 'Instructional Coordinators', 'SOUTH KOREA']
['Other Economic Sector', 'Withdrawn', '90021', 'PURPLE RAIN INC.', 'First-Line Supervisors of Production and Operating Workers', 'SOUTH KOREA']
['Other Economic Sector', 'Withdrawn', '90007', 'UNLIMITED SOURCE COMPANY, INC.', 'Computer Systems Analysts', 'SOUTH KOREA']
['IT', 'Withdrawn', '90010', 'NOWCOM CORPORATION', 'Software Developers, Applications', 'INDIA']
['Other Economic Sector', 'Withdrawn', '90057', 'THE CHRISTIAN HEARLD, INC.', 'Public Relations Specialists', 'SOUTH KOREA']
['Retail', 'Withdrawn', '90010', 'E-RADIO KOREA USA.COM, INC.', 'Information Security Analysts, Web Developers, and Computer Network Architects', 'SOUTH KOREA']
['Other Economic Sector', 'Withdrawn', '90025', 'J.T. NAKAOKA ASSOCIATES ARCHITECTS', 'Interior Designers', 'SOUTH KOREA']
['Other Economic Sector', 'Withdrawn', '90025', 'J.T. NAKAOKA ASSOCIATES ARCHITECTS', 'Interior Designers', 'SOUTH KOREA']
['Other Economic Sector', 'Withdrawn', '90015', 'MEJOONG CORPORATION', 'Budget Analysts', 'SOUTH KOREA']
['Other Economic Sector', 'Withdrawn', '90010', 'J. H. KIM & ASSOCIATES A PROFESSIONAL CORPORATION', 'Lawyers', 'SOUTH KOREA']
['', 'Withdrawn', '90021', 'NEW PRIDE CORPORATION', 'Market Research Analysts and Marketing Specialists*', 'SOUTH KOREA']
['Other Economic Sector', 'Withdrawn', '90005', 'Y&D ELECTRONIC SERVICE', 'Architectural and Engineering Managers', 'SOUTH KOREA']
['Health Care', 'Withdrawn', '90010', 'SEYONG CHOI PHYSICAL THERAPY', 'Recreational Therapists', 'SOUTH KOREA']
['Educational Services', 'Withdrawn', '90010', 'HANEUL EDUCATION CENTER', 'Instructional Coordinators', 'SOUTH KOREA']
['Other Economic Sector', 'Withdrawn', '90010', 'SENSE ENTERPRISE, INC.', 'Graphic Designers', 'SOUTH KOREA']
['Retail', 'Withdrawn', '90021', 'W&M ENTERPRISES, INC.', 'Market Research Analysts and Marketing Specialists*', 'SOUTH KOREA']
['IT', 'Withdrawn', '90010', 'NOWCOM CORPORATION', 'Software Developers, Applications', 'UKRAINE']
['Educational Services', 'Withdrawn', '90032', 'CALIFORNIA STATE UNIVERSITY, LOS ANGELES', 'Postsecondary Teachers, All Other', 'CHINA']
['Other Economic Sector', 'Withdrawn', '90005', 'Y&D ELECTRONIC SERVICE', 'Management Analysts', 'SOUTH KOREA']
['IT', 'Withdrawn', '90067', 'RESPONSIVE TECHNOLOGIES, INC', 'Management Analysts', 'INDIA']
['Other Economic Sector', 'Withdrawn', '90057', 'SINJI ENTERTAINMENT GROUP, INC.', 'Public Relations Specialists', 'SOUTH KOREA']
['IT', 'Withdrawn', '90067', 'RESPONSIVE TECHNOLOGIES, INC', 'Management Analysts', 'INDIA']
['Other Economic Sector', 'Withdrawn', '90021', 'OAK APPAREL INC', 'Management Analysts', 'SOUTH KOREA']
['IT', 'Withdrawn', '90066', 'GEHRY TECHNOLOGIES INC.', 'Software Developers, Systems Software', 'SOUTH KOREA']
['Other Economic Sector', 'Withdrawn', '90064', "BIKRAM'S YOGA COLLEGE OF INDIA", 'Public Relations Specialists', 'AUSTRALIA']
['Educational Services', 'Withdrawn', '90020', 'DONGGUK UNIVERSITY LOS ANGELES', 'Health Specialties Teachers, Postsecondary', 'SOUTH KOREA']
['Biotechnology', 'Withdrawn', '90022', 'ACADEMIC MEDICAL RESEARCH INSTITUTE, INC.', 'Medical Scientists, Except Epidemiologists', 'PAKISTAN']
['Finance', 'Withdrawn', '90024', 'CANNON & COMPANY LLC', 'Accountants and Auditors', 'CHINA']
['Finance', 'Withdrawn', '90064', 'HOLTHOUSE CARLIN & VAN TRIGT LLP', 'Accountants and Auditors', 'SOUTH KOREA']
['Advanced Mfg', 'Withdrawn', '90058', 'HARVARD LABEL', 'Computer Systems Analysts', 'TAIWAN']
['Other Economic Sector', 'Withdrawn', '90040', 'TZENG LONG U.S.A. INC.', 'Market Research Analysts and Marketing Specialists*', 'TAIWAN']
['IT', 'Withdrawn', '90064', 'SHOPZILLA, INC', 'Software Developers, Applications', 'INDIA']
['Other Economic Sector', 'Withdrawn', '90067', 'AD.NET, INC.', 'Marketing Managers', 'CANADA']
['Health Care', 'Withdrawn', '90025', 'WESTSIDE ACUPUNCTURE & WELLNESS CENTER, INC.', 'Health Diagnosing and Treating Practitioners, All Other', 'SOUTH KOREA']
['Advanced Mfg', 'Withdrawn', '90001', 'NEW CREW PRODUCTION CORP', 'Logisticians', 'SOUTH KOREA']
['Advanced Mfg', 'Withdrawn', '90001', 'NEW CREW PRODUCTION CORP', 'Accountants and Auditors', 'SOUTH KOREA']
['Other Economic Sector', 'Withdrawn', '90058', 'ABI USA SALES CORP.', 'Wholesale and Retail Buyers, Except Farm Products', 'SOUTH KOREA']
['Other Economic Sector', 'Withdrawn', '90007', 'UNION AMERICA INTERNATIONAL, INC.', 'Management Analysts', 'SOUTH KOREA']
['Other Economic Sector', 'Withdrawn', '90004', 'KSSEN INC', 'Administrative Services Managers', 'SOUTH KOREA']
['Aerospace', 'Withdrawn', '90057', 'BOLD ENGINEER & ASSOCIATE INC.', 'Architectural and Civil Drafters', 'SOUTH KOREA']
['Other Economic Sector', 'Withdrawn', '90015', 'RIPAK CORPORATION DBA STELLA SHOES', 'Graphic Designers', 'SOUTH KOREA']
['Other Economic Sector', 'Withdrawn', '90015', 'RIPAK CORPORATION DBA STELLA SHOES', 'Graphic Designers', 'SOUTH KOREA']
['', 'Withdrawn', '90071', 'ADVANCED VIDEO COMMUNICATIONS, INC.', 'Database Administrators', 'TAIWAN']